title,description,date,source,url
"Jio, Airtel Questioned By Telecom Regulator Over Misreporting 5G AirFiber Subscriber Data — Profit Exclusive",TRAI had flagged concerns that users accessing high-speed internet over 5G Fixed Wireless Access may be reported as 'wireline' or 'fixed-line' subscribers.,36 minutes ago,— Bloomberg Quint,https://www.ndtvprofit.com/business/jio-airtel-questioned-by-trai-over-misreporting-5g-airfiber-subscriber-data-profit-exclusive
Share market update: Most active stocks on D-Street today in terms of volume,The NSE Nifty index was trading 66.96 points  up  at 25171.2,36 minutes ago,— Economic Times,https://economictimes.indiatimes.com/markets/stocks/stock-watch/share-market-update-most-active-stocks-on-d-street-today-in-terms-of-volume/articleshow/121769668.cms
"Sula Vineyards, GM Breweries shares jump up to 18%. What's making their brew stronger?","Sula Vineyards and GM Breweries shares surged as Maharashtra's new liquor policy spared beer and wine from excise duty hikes, benefiting companies focused on these categories. GM Breweries may also gain from a new Maharashtra-made Liquor category. Meanwhile, United Spirits and Allied Blenders faced declines due to increased duties on Indian-made Foreign Liquor.",43 minutes ago,— Economic Times,https://economictimes.indiatimes.com/markets/stocks/news/sula-vineyards-gm-breweries-shares-jump-up-to-18-whats-making-their-brew-stronger/articleshow/121769571.cms
"India Aims At Drone Superpower Status, Bridging Capability Gaps: Defence Secretary | Profit Exclusive","Over the next two years, India will focus on nullifying these gaps through targeted procurement, said Defence Secretary Rajesh Kumar Singh to NDTV Profit.",43 minutes ago,— Bloomberg Quint,https://www.ndtvprofit.com/nation/exclusive-india-aims-at-drone-superpower-status-says-defence-secretary-rajesh-kumar
Sensex  rises! These  stocks are up over 15% on BSE,"In the Nifty50 index, 29 stocks were trading in the green, while 21 stocks were in the red.",46 minutes ago,— Economic Times,https://economictimes.indiatimes.com/markets/stocks/stock-watch/sensex-rises-these-stocks-are-up-over-15-on-bse/articleshow/121769514.cms
Talbros Automotive shares jump over 8% on Rs 580 crore order win,"Talbros Automotive Components' shares experienced a surge following the announcement of securing orders worth Rs 580 crore from leading OEMs for both domestic and export markets. These orders, spanning across various product segments, are slated for execution over the next five years. Technical indicators suggest strong upward momentum, with the stock trading above key moving averages.",48 minutes ago,— Economic Times,https://economictimes.indiatimes.com/markets/stocks/news/talbros-automotive-shares-jump-over-8-on-rs-580-crore-order-win/articleshow/121769487.cms
"US-China trade framework a step forward, but final deal still unclear: Santosh Rao","US and China are in trade negotiations. The US seeks rare earth materials. China wants US technologies, especially semiconductors. Santosh Rao suggests a potential trade-off. Tariffs remain a key point of discussion. The US imposes a 30% tariff, while China has a 10% tariff. The focus is on reaching a fair trade deal. India stands strong amid global economic shifts.",55 minutes ago,— Economic Times,https://economictimes.indiatimes.com/markets/expert-view/us-china-trade-framework-a-step-forward-but-final-deal-still-unclear-santosh-rao/articleshow/121769246.cms
Stock market update: Stocks that hit 52-week lows on NSE,"Adani Ports SEZ,  Jio Financial Services,  Shriram Finance,  Power Grid and  Adani Ent. were among the top losers on NSE.",57 minutes ago,— Economic Times,https://economictimes.indiatimes.com/markets/stocks/stock-watch/stock-market-update-stocks-that-hit-52-week-lows-on-nse/articleshow/121769264.cms
Samsung Galaxy Z Fold 6 Available At Massive Discount On Amazon — Check Details Here,"In addition to the heavy discount, Prime members can get another 5% off with the Amazon Pay ICICI Bank credit card.",57 minutes ago,— Bloomberg Quint,https://www.ndtvprofit.com/technology/samsung-galaxy-z-fold-6-available-at-massive-discount-on-amazon-check-details-here
"RattanIndia Power shares skyrocket 35% in 2 days, firm issues clarification on sudden volume spike","RattanIndia Power shares: Despite the stock rally, fundamentals remain mixed. In Q4FY25, the company’s consolidated net profit dropped 99% year-on-year to Rs 126 crore from Rs 10,666 crore, while consolidated revenue rose 3% to Rs 1,029 crore from Rs 996 crore a year earlier.",60 minutes ago,— Economic Times,https://economictimes.indiatimes.com/markets/stocks/news/rattanindia-power-shares-skyrocket-35-in-2-days-firm-issues-clarification-on-sudden-volume-spike/articleshow/121769223.cms
"Energy Development, RattanIndia Lead As Power Stocks Surge For Second Straight Session","Leading the rally among top four gainers on Wednesday was Energy Development, which surged by 16.6% on Wednesday.",1 hour ago,— Bloomberg Quint,https://www.ndtvprofit.com/markets/energy-development-rattanindia-lead-as-power-stocks-surge-for-second-straight-session
​Moody’s Flags Risks as Retail Investors Flood Private Credit​,"A surge of retail investors into private credit markets, traditionally the domain of institutions, is raising concerns. Moody's cautions that this influx could strain liquidity and asset quality as managers adapt to attract individual investors. The pursuit of yield may compromise risk practices amid declining public listings.",1 hour ago,— Economic Times,https://economictimes.indiatimes.com/markets/stocks/news/moodys-flags-risks-as-retail-investors-flood-private-credit/slideshow/121768935.cms
Rupee rises 6 paise to 85.51 against U.S. dollar in early trade,"The rupee strengthens against the U.S. dollar on FII inflows and lower oil prices, with market awaiting trade deal",1 hour ago,— The Hindu Business,https://www.thehindu.com/business/markets/rupee-rises-6-paise-to-8551-against-us-dollar-in-early-trade/article69681558.ece
Indian bond yields fall after three-session selloff,"Indian government bond yields experienced a decline in early trading on Wednesday, reversing a three-session selloff. This was primarily driven by increased purchasing activity from state-run banks.",1 hour ago,— Economic Times,https://economictimes.indiatimes.com/markets/bonds/indian-bond-yields-fall-after-three-session-selloff/articleshow/121768801.cms
Orkla India files IPO papers with Sebi,"Orkla India, owner of MTR and Eastern brands, plans to launch an IPO. The company has submitted documents to Sebi for approval. The IPO involves an offer for sale of 2.28 crore shares by existing shareholders. Orkla Asia Pacific and Navas Meeran are among the selling shareholders. The company will not receive any funds from this IPO.",1 hour ago,— Economic Times,https://economictimes.indiatimes.com/markets/ipos/fpos/orkla-india-files-ipo-papers-with-sebi/articleshow/121768740.cms
Commodity Radar: Rally accelerates as crude oil prices jump 10% in a month. Know why to hold your horses,"Crude oil prices are currently experiencing a surge, fueled by tight supply and positive market sentiment. However, Anand Rathi Shares and Stock Brokers' Naveen Mathur cautions that this upward trend might be short-lived.",1 hour ago,— Economic Times,https://economictimes.indiatimes.com/markets/commodities/news/commodity-radar-rally-accelerates-as-crude-oil-prices-jump-10-in-a-month-know-why-to-hold-your-horses/articleshow/121768521.cms
'Work-Life Debate A Little Unfair': Edelweiss MF CEO Radhika Gupta Outlines Gender Role Biases,"In a podcast, Radhika Gupta spoke about the challenges working women face, highlighting how most public views on long work hours often overlook their everyday realities.",1 hour ago,— Bloomberg Quint,https://www.ndtvprofit.com/business/edelweiss-mf-ceo-radhika-gupta-outlines-gender-role-biases-says-work-life-debate-a-little-unfair
"Bullish breakout: Wipro, Coforge among 7 IT stocks set for up to 12% gains","Nifty IT has outperformed Nifty in the past month. Nilesh Jain from Centrum Broking sees a bullish structure in the IT index. He anticipates a breakout from a falling channel. Jain identifies seven IT stocks, including Wipro and Coforge, poised for a rally. These stocks could potentially yield returns of up to 12% within one to two months.",1 hour ago,— Economic Times,https://economictimes.indiatimes.com/markets/stocks/news/bullish-breakout-wipro-coforge-among-7-it-stocks-set-for-up-to-12-gains/slideshow/121768699.cms
"Markets climb in early trade mirroring firm global trends, foreign fund inflows","Equity indices rise on U.S.-China trade optimism and foreign fund inflows; Sensex up 118.11 points, Nifty up 33.3 points",1.5 hours ago,— The Hindu Business,https://www.thehindu.com/business/markets/markets-climb-in-early-trade-mirroring-firm-global-trends-foreign-fund-inflows/article69681559.ece
"Buy UltraTech Cement, target price Rs 13,500:  JM Financial","JM Financial has a Buy call on UltraTech Cement with a target price of Rs 13,500. The current market price of UltraTech Cement is Rs 11464.4. The time period given by the analyst is a year when UltraTech Cement price can reach a defined target. UltraTech Cement, incorporated in 2000, is a Large Cap company with a market cap of Rs 328835.43 crore, operating in the Cement sector.",1.5 hours ago,— Economic Times,https://economictimes.indiatimes.com/markets/stocks/recos/buy-ultratech-cement-target-price-rs-13500-jm-financial/articleshow/121744034.cms
CreditAccess Grameen Share Price Rises After Securing $100-Million Foreign-Currency Loan,"CreditAccess Grameen secured a multi-currency social credit facility, which is qualified as extra-commercial borrowing under the automatic route of the Reserve Bank of India.",1.5 hours ago,— Bloomberg Quint,https://www.ndtvprofit.com/markets/creditaccess-grameen-share-price-rises-after-securing-100-million-foreign-currency-loan
FY26 earnings growth to rebound to 12-13% for Nifty 50 companies: Varun Goel,"Mirae Asset Investment Managers anticipates a strong cyclical recovery in India, fueled by monetary easing and tax cuts. Key beneficiaries include banking, NBFCs, real estate, and capital goods sectors, with FY26 expected to see a revival in earnings growth. The firm remains constructive on the lending ecosystem and expects continued strength in cyclical parts of the economy, particularly real estate.",1.5 hours ago,— Economic Times,https://economictimes.indiatimes.com/markets/expert-view/fy26-earnings-growth-to-rebound-to-12-13-for-nifty-50-companies-varun-goel/articleshow/121768200.cms
Reliance Infrastructure Shares Erase Early Loss After Expansion Of Partnership With German Defence Firm,Reliance Defence will be the prime contractor for the Indian customer and Diehl Defence will be strategic partner.,1.5 hours ago,— Bloomberg Quint,https://www.ndtvprofit.com/markets/reliance-infrastructure-share-price-erases-early-loss-after-expansion-of-partnership-with-german-defence-firm
China stocks near 3-week high as Sino-US trade truce sparks optimism,"Chinese stocks surged to a near three-week high, fueled by optimism surrounding progress in U.S.-China trade negotiations. Investors are awaiting specific details of the agreed framework, particularly regarding rare-earth exports and semiconductor imports. While uncertainties remain, constructive dialogue between the two nations is currently supporting risk assets, boosting market sentiment.",1.5 hours ago,— Economic Times,https://economictimes.indiatimes.com/markets/stocks/news/china-stocks-near-3-week-high-as-sino-us-trade-truce-sparks-optimism/articleshow/121768026.cms
United Spirits Share Price Slumps As Maharashtra Hikes Excise Duty On Hard Liquor,"Share prices of UBL and Radico Khaitan were also under pressure on Wednesday morning, whereas Sula Vineyards and GM Breweries rallied.",1.5 hours ago,— Bloomberg Quint,https://www.ndtvprofit.com/markets/united-spirits-ubl-radico-khaitan-share-prices-fall-after-maharashtra-hikes-excise-duty-on-hard-liquor
"SBI, Bank of Baroda among 10 banks that saw NPA decline in Q4","Ten banks within the Nifty500 index, including SBI, Bank of Baroda, and Canara Bank, experienced a decrease in their non-performing assets (NPAs) during the March 2025 quarter. SBI's net NPA declined to 0.47%, while Bank of Baroda reported a slight drop to 0.58%. Canara Bank saw a significant fall in net NPA to 0.70%.",2 hours ago,— Economic Times,https://economictimes.indiatimes.com/markets/stocks/news/sbi-bank-of-baroda-among-10-banks-that-saw-npa-decline-in-q4/slideshow/121767985.cms
Vodafone Idea shares in focus after launching 5G services in Bengaluru,"Vodafone Idea (Vi) has launched its 5G services in Bengaluru, with commercial access starting June 11. This follows earlier rollouts in Mumbai, Delhi-NCR, Patna, and Chandigarh. Vi plans to expand 5G across all 17 priority circles by August 2025. Bengaluru users with 5G-enabled devices and plans starting at Rs 299 can enjoy unlimited 5G data under an introductory offer.",2 hours ago,— Economic Times,https://economictimes.indiatimes.com/markets/stocks/news/vodafone-idea-shares-in-focus-after-launching-5g-services-in-bengaluru/articleshow/121767730.cms
Tata Chemicals Dividend: Last Day To Buy Shares To Qualify — Details Here,Tata Chemicals' board announced a final dividend of Rs 11 per share for financial year 2025.,2 hours ago,— Bloomberg Quint,https://www.ndtvprofit.com/markets/tata-chemicals-dividend-last-day-to-buy-shares-to-qualify-details-here
"Sensex jumps over 100 points, Nifty tops 25,100; auto stocks lead gainers","Stock Market Today: Indian benchmark equity indices saw a slight increase at the opening on Wednesday, mirroring positive trends in Asian markets. This optimism stems from encouraging developments in trade discussions between the US and key partners, including India and China. The Sensex and Nifty50 both experienced marginal gains, influenced by advancements in both international and bilateral trade negotiations.",2 hours ago,— Economic Times,https://economictimes.indiatimes.com/markets/stocks/news/sensex-jumps-over-100-points-nifty-tops-25100-auto-stocks-lead-gainers/articleshow/121767553.cms
Kaynes Technology shares in focus after unit inks Rs 85 crore asset deal with Fujitsu General Electronics,"Kaynes Technology shares: The agreement, signed on June 9 and valued at 1.59 billion yen (approximately Rs 85 crore), involves assets including power module production lines. These assets are expected to strengthen Kaynes Technology’s capabilities and presence in the semiconductor manufacturing sector, particularly in the power module segment.",2 hours ago,— Economic Times,https://economictimes.indiatimes.com/markets/stocks/news/kaynes-technology-shares-in-focus-after-unit-inks-rs-85-crore-asset-deal-with-fujitsu-general-electronics/articleshow/121767668.cms
"Bharat Forge, Samvardhana In Spotlight On China's Potential Allowance Of Rare Earth Access To Indian Suppliers","At least 10 Indian supplier applications are currently at the approval stage in China, people in the know told NDTV Profit.",2 hours ago,— Bloomberg Quint,https://www.ndtvprofit.com/markets/bharat-forge-samvardhana-motherson-auto-parts-stocks-in-spotlight-amid-chinas-potential-allowance-of-rare-earth-access-to-indian-suppliers
From bankruptcy to bull run: Can Reliance Infra & Reliance Power fuel Anil Ambani’s comeback saga?,"Anil Ambani's Reliance Infrastructure and Reliance Power are experiencing a significant resurgence, with stock prices soaring. Reliance Infrastructure benefited from a legal reprieve and strategic defense contract, while Reliance Power is boosted by major solar projects and a return to profitability. These developments spark hopes for a potential comeback after years of financial struggles.",2 hours ago,— Economic Times,https://economictimes.indiatimes.com/markets/stocks/news/from-bankruptcy-to-bull-run-can-reliance-infra-reliance-power-fuel-anil-ambanis-comeback-saga/articleshow/121767583.cms
"Google Offers Buyouts To Employees Across Teams, US Workers To Be Most Affected","Google has started offering voluntary buyouts to employees across multiple departments in a push to streamline operations and manage costs, according to reports.",2 hours ago,— Bloomberg Quint,https://www.ndtvprofit.com/business/google-offers-buyouts-to-employees-across-teams-us-workers-to-be-most-affected
Texmaco Rail shares rally 5% after Rs 44 crore order win from Mumbai Railway Vikas Corporation,"Texmaco Rail & Engineering has won a Rs 44.04 crore order from MRVC for a traction infrastructure project on the Central Railway, to be completed in 18 months. In Q4, revenue rose 17.5% YoY to Rs 1,346.4 crore, but net profit dipped 12% to Rs 40 crore. The stock has gained 32.5% in three months and trades near overbought levels.",2 hours ago,— Economic Times,https://economictimes.indiatimes.com/markets/stocks/news/texmaco-rail-shares-in-focus-after-rs-44-crore-order-win-from-mumbai-railway-vikas-corporation/articleshow/121767503.cms
"Sula Vineyards, GM Breweries Rally As Maharashtra Exempts Beer And Wine From Excise Duty Hike","The new excise duty hike applies to both retail purchases from liquor stores and consumption in restaurants or bars, making alcohol more expensive in the state.",2 hours ago,— Bloomberg Quint,https://www.ndtvprofit.com/markets/sula-vineyards-gm-breweries-rally-as-maharashtra-exempts-beer-and-wine-from-excise-duty-hike
Aditya Birla Capital shares up 3%; Advent International likely offloads stake in block deal,"Aditya Birla Capital shares went up 3% amid reports that Advent International has offloaded a stake in a block deal. The PE firm, which invested Rs 1,000 crore in 2020 in the stock, stands to earn a 138% return. A 30-day lock-in applies to the offloaded shares.",2 hours ago,— Economic Times,https://economictimes.indiatimes.com/markets/stocks/news/aditya-birla-capital-shares-up-3-advent-international-likely-offloads-stake-in-block-deal/articleshow/121767457.cms
Bullish Momentum: 3 stocks with White Marubozu Pattern on June 10,,2 hours ago,— Economic Times,https://economictimes.indiatimes.com/markets/stocks/news/bullish-momentum-3-stocks-with-white-marubozu-pattern-on-june-10/slideshow/121767456.cms
These 4 stocks closed above VWAP on June 10,"A closing price above the VWAP suggests the stock ended the day higher than its average traded price, weighted by volume.",2 hours ago,— Economic Times,https://economictimes.indiatimes.com/markets/stocks/news/these-4-stocks-closed-above-vwap-on-june-10/slideshow/121767334.cms
"Stocks to buy today: OFSS, Tata Motors among top 6 trading ideas for 11 June 2025","Indian market is expected to open higher, mirroring positive global trends. Nifty futures closed negatively, but India VIX decreased. Option data suggests a trading range of 24,600 to 25,600. Experts recommend buying OFSS, Equitas Small Finance Bank, VIP Industries, Tata Motors, Axis Bank, and Exide Industries for short-term gains.",2.5 hours ago,— Economic Times,https://economictimes.indiatimes.com/markets/stocks/news/stocks-to-buy-today-ofss-tata-motors-among-top-6-trading-ideas-for-11-june-2025/articleshow/121767288.cms
"United Spirits, other liquor stocks slide up to 6% after Maharashtra hikes excise duties","Shares of liquor companies declined after the Maharashtra government approved changes to liquor taxation and regulation to boost excise revenues. The state cabinet increased excise duties on Indian-made foreign liquor and country liquor, leading to price hikes for consumers. The government also introduced a new liquor category and increased licensing fees for businesses.",2.5 hours ago,— Economic Times,https://economictimes.indiatimes.com/markets/stocks/news/liquor-stocks-like-united-spirits-sula-vineyard-in-focus-as-maharashtra-hikes-excise-duties/articleshow/121767264.cms
Rupee Opens Stronger Against Dollar Amid US-China Trade Talks,The rupee is expected to trade in a range of 85.40 to 85.90.,2.5 hours ago,— Bloomberg Quint,https://www.ndtvprofit.com/markets/rupee-opens-stronger-against-dollar-amid-us-china-trade-talks
Meta to pay nearly $15 billion for Scale AI stake: Report,"Meta Platforms has agreed to take a 49% stake in artificial intelligence startup Scale AI for $14.8 billion, The Information reported on Tuesday",2.5 hours ago,— The Hindu Business,https://www.thehindu.com/sci-tech/technology/meta-to-pay-nearly-15-billion-for-scale-ai-stake-report/article69681404.ece
"HDFC Life, Godrej Consumer Among Top Stock Picks For HSBC India Strategy Amid Favourable Market Conditions","HSBC remained neutral on India from an Asian perspective, with a 2025-end index target of 82,240 for the Sensex.",2.5 hours ago,— Bloomberg Quint,https://www.ndtvprofit.com/markets/hdfc-life-godrej-consumer-among-top-stock-picks-for-hsbc-india-strategy-amid-favourable-market-conditions
"Quess Corp subsidiaries Digitide Solutions, Bluspring Enterprises set to list on stock exchanges today",Digitide Solutions and Bluspring Enterprises shares will list today. These subsidiaries of Quess Corp received approval from BSE and NSE. Quess Corp split its business into three independent entities. Shareholders of Quess Corp received additional shares in Digitide and Bluspring. This restructuring allows each unit to operate independently. It will enable targeted capital allocation strategies.,2.5 hours ago,— Economic Times,https://economictimes.indiatimes.com/markets/stocks/news/quess-corp-subsidiaries-digitide-solutions-bluspring-enterprises-set-to-list-on-stock-exchanges-today/articleshow/121767097.cms
"Commodity Talk: 2 reasons why July could be an inflection point for gold. Accumulate, says Augmont’s Renisha Chainani","Gold's near to medium-term outlook remains constructive, supported by sticky inflation and geopolitical tensions. July could be a critical point depending on the US Fed's rate cut cycle and Trump's tariff pause. Experts suggest accumulating gold on dips around Rs 90,000–Rs 94,000, with a potential target of Rs 1,05,000+ and silver looks more attractive.",2.5 hours ago,— Economic Times,https://economictimes.indiatimes.com/markets/expert-view/commodity-talk-2-reasons-why-july-could-be-an-inflection-point-for-gold-accumulate-says-augmonts-renisha-chainani/articleshow/121758265.cms
"ETMarkets Smart Talk: Defence stocks may face bumpy ride despite big potential, says Asit Bhandarkar","JM Financial's Asit Bhandarkar advises caution on defence stocks despite long-term potential, citing long execution cycles and potential volatility. He highlights India's sweet spot with strong finances and growth amid US bond yield concerns. Bhandarkar also notes attractive opportunities in corrected markets, focusing on financialization, consumption, and manufacturing themes for long-term investors.",2.5 hours ago,— Economic Times,https://economictimes.indiatimes.com/markets/expert-view/etmarkets-smart-talk-defence-stocks-may-face-bumpy-ride-despite-big-potential-says-asit-bhandarkar/articleshow/121747546.cms
"Indian Hotels, Chalet, ITC Hotels Are Jefferies' Top Picks As Sector Set For Another Strong Fiscal","Looking ahead, Jefferies expects continued healthy performance driven by favourable demand-supply dynamics, growing domestic travel, and strong pricing power.",2.5 hours ago,— Bloomberg Quint,https://www.ndtvprofit.com/markets/indian-hotels-itc-hotels-chalet-are-top-picks-as-hotel-sector-set-for-another-strong-year-in-fy26-says-jefferies
Mukesh Ambani's consumer empire overtakes decades-old energy business of RIL,"Reliance Industries, under Mukesh Ambani, witnesses a significant shift with consumer ventures like Reliance Retail and Jio now contributing over half of its operating cash profit. Analysts predict substantial EBITDA growth driven by these sectors, leading to positive free cash flow despite ongoing investments.",2.5 hours ago,— Economic Times,https://economictimes.indiatimes.com/markets/stocks/news/mukesh-ambanis-consumer-empire-overtakes-decades-old-energy-business-of-ril/articleshow/121767066.cms
"Government Weighs Charges On UPI Payments Over Rs 3,000 | Profit Exclusive","The policy change may allow banks to charge MDR on transaction value instead of merchant turnover, sources say.",3 hours ago,— Bloomberg Quint,https://www.ndtvprofit.com/economy-finance/upi-merchant-fee-rs-3000-mdr-policy-change-government-banks
At multi-year highs: These 7 stocks witness 5-year swing high breakout,A 5-year swing high represents the highest price a stock has reached within a five-year timeframe. This level acts as a significant resistance point where the price has historically struggled to go beyond.,3 hours ago,— Economic Times,https://economictimes.indiatimes.com/markets/stocks/news/at-multi-year-highs-these-7-stocks-witness-5-year-swing-high-breakout/slideshow/121767028.cms
"HAL, BEL, Mazagon Dockyards Are Antique's Top Defence Picks On Strong Growth Amid Global Tensions","HAL is gearing up for a substantial increase in aircraft production, while BEL is adapting to the evolving market by positioning itself as a systems integrator in defence electronics.",3 hours ago,— Bloomberg Quint,https://www.ndtvprofit.com/markets/hal-bel-mazagon-dockyards-are-antiques-top-defence-picks-on-strong-growth-amid-global-tensions
Aurodeep Nandi on why Nomura is pencilling in 2 more rate cuts by December,"Nomura anticipates India's GDP growth and inflation to undershoot RBI's projections, forecasting 6.2% growth and 3.3% inflation for FY26. This divergence creates room for policy easing, potentially leading to accommodative levels. Nomura projects two more rate cuts in October and December, driven by simulations using the Taylor rule, despite RBI's current neutral stance.",3 hours ago,— Economic Times,https://economictimes.indiatimes.com/markets/expert-view/aurodeep-nandi-on-why-nomura-is-pencilling-in-2-more-rate-cuts-by-december/articleshow/121754492.cms
Rare Earth Crisis: China Open To India Auto Parts Makers Securing Licence,At least 10 auto component makers are said to have received favourable endorsements from the Chinese embassy—a key step in procuring a rare-earths licence from Beijing.,3 hours ago,— Bloomberg Quint,https://www.ndtvprofit.com/auto/china-rare-earths-licence-indian-auto-parts-suppliers
"Stocks To Buy: Gillette India, Eris Lifesciences, Tata Motors, Power Grid Corp, Makind Pharma","Invest4edu, Reliance Securities, and Adlytick.in shared their stock preferences for Wednesday's session.",3 hours ago,— Bloomberg Quint,https://www.ndtvprofit.com/markets/stocks-to-buy-on-june-11-gillette-india-eris-lifesciences-tata-motors-power-grid-corp-makind-pharma
HDFC Bank Share Price Live Updates: HDFC Bank's Market Performance Update,,3 hours ago,— Economic Times,https://economictimes.indiatimes.com/markets/stocks/stock-liveblog/hdfc-bank-share-price-today-live-updates-11-jun-2025/liveblog/121766366.cms
"Peter McGuire on rare earth, China’s dominance & alternative suppliers","China's 70% control of rare earth production sparks global concerns across tech and defense sectors. While US-China talks aim to ease supply tensions, countries like India, Australia, and Brazil are exploring domestic processing to counter China's dominance. Nations are considering strategic alliances to secure rare earth supplies and reduce reliance on a single dominant player.",3.5 hours ago,— Economic Times,https://economictimes.indiatimes.com/markets/expert-view/peter-mcguire-on-rare-earth-chinas-dominance-alternative-suppliers/articleshow/121753098.cms
Reliance Infra shares in focus after unit expands munitions tie-up with Germany's Diehl Defence,"Reliance Infrastructure subsidiary, Reliance Defence, expanded its strategic partnership with Germany's Diehl Defence to locally produce the Vulcano 155mm precision-guided munition system for the Indian Armed Forces. The collaboration is expected to generate up to Rs 10,000 crore in revenue.",3.5 hours ago,— Economic Times,https://economictimes.indiatimes.com/markets/stocks/news/reliance-infra-shares-in-focus-after-unit-expands-munitions-tie-up-with-germanys-diehl-defence/articleshow/121766099.cms
Oriental Carbon shares in focus after BofA picks up stake in Rs 300 crore microcap counter,"Bank of America acquired a stake in Cvia a Rs 1.5 crore block deal. The company, which manufactures insoluble sulphur—including customised and value-added grades—has a market capitalisation of Rs 302 crore on the NSE. The microcap stock is up 80% in the past three months.",3.5 hours ago,— Economic Times,https://economictimes.indiatimes.com/markets/stocks/news/oriental-carbon-shares-in-focus-after-bofa-picks-up-stake-in-rs-300-crore-microcap-counter/articleshow/121765992.cms
"Rapido's Next Ride: From Bikes To Bites, Challenging Swiggy, Zomato Head-On",The pilot program aims to leverage Rapido's existing 'captain' network and assess its potential to complement their existing services.,3.5 hours ago,— Bloomberg Quint,https://www.ndtvprofit.com/business/rapidos-next-ride-from-bikes-to-bites-challenging-swiggy-zomato-head-on
"Small and largecaps attractive, midcaps require caution: Aniruddha Naha","Aniruddha Naha of PGIM India AMC remains positive on Indian markets, particularly financials, citing strong macro fundamentals and reasonable valuations. He anticipates FII inflows to initially benefit largecaps, eventually spreading to mid and smallcaps. Naha favors financials (especially NBFCs), capital goods, and discretionary consumption, driven by rate cuts, liquidity, and improved consumption trends.",3.5 hours ago,— Economic Times,https://economictimes.indiatimes.com/markets/expert-view/small-and-largecaps-attractive-midcaps-require-caution-aniruddha-naha/articleshow/121758538.cms
"This Rs 1.2-Lakh-Crore Asset Manager Prefers Travel, Retail, Quick Commerce In Consumption Sector","As a category FMCG has not grown for quite some time, and going forward, the growth in this segment will depend on macros, he said",3.5 hours ago,— Bloomberg Quint,https://www.ndtvprofit.com/markets/axis-amc-asset-management-company-equity-head-shreyas-devalkar-investment-ideas-travel-retail-quick-commerce-in-consumption-sector-buy-sell-or-hold
Trump Poised To Repeal Biden Curb On Power-Plant Pollution,Former President Joe Biden had imposed the restrictions that effectively compel the use of carbon capture technology to curb planet-warming pollution.,3.5 hours ago,— Bloomberg Quint,https://www.ndtvprofit.com/world/trump-poised-to-repeal-biden-curb-on-power-plant-pollution
"Stocks to buy in 2025 for long term: ITC, 3M India among 5 stocks that could give 10-30% return",We have collated a list of recommendations from top brokerage firms from ETNow and other sources:,3.5 hours ago,— Economic Times,https://economictimes.indiatimes.com/markets/stocks/news/stocks-to-buy-in-2025-for-long-term-itc-3m-india-among-5-stocks-that-could-give-10-30-return/slideshow/121765897.cms
These 2 Tata Group companies to trade ex-dividend from Thursday. Do you own?,"Tata Chemicals and Trent are set to go ex-dividend on June 11, 2025, presenting a final opportunity for investors to receive payouts. Tata Chemicals declared a dividend of Rs 11 per share, while Trent announced Rs 5 per share. To be eligible, investors must purchase shares before the ex-dividend date, with payments scheduled for July 2025.",3.5 hours ago,— Economic Times,https://economictimes.indiatimes.com/markets/stocks/news/these-2-tata-group-companies-to-trade-ex-dividend-from-thursday-do-you-own/articleshow/121765825.cms
Ganga Bath Fittings IPO listing on June 11: Here's what GMP Indicates,"Ganga Bath Fittings is set to list on the NSE SME platform after its IPO aimed to raise Rs 32.65 crore. However, the grey market premium indicates a discounted debut, with expectations of opening below the IPO price. The company, a manufacturer of bathroom accessories, plans to use IPO proceeds for capital expenditure and working capital.",4 hours ago,— Economic Times,https://economictimes.indiatimes.com/markets/stocks/news/ganga-bath-fittings-ipo-listing-on-june-11-heres-what-gmp-indicates/articleshow/121765792.cms
Stocks offer restrained response to US-China trade framework,"Global markets cautiously responded to initial progress in U.S.-China trade talks, awaiting specifics and long-term viability. Bond investors braced for U.S. inflation data, potentially reflecting tariff impacts, and a significant Treasury auction. Negotiators in London agreed on a trade framework to be reviewed by leaders, though details remain scarce.",4 hours ago,— Economic Times,https://economictimes.indiatimes.com/markets/stocks/news/stocks-offer-restrained-response-to-us-china-trade-framework/articleshow/121765734.cms
"Oil prices down, markets assess US-China trade talks outcome","Oil prices experienced a slight dip early Wednesday as markets analyzed U.S.-China trade talk outcomes, awaiting President Trump's review. Concerns over weak Chinese oil demand and OPEC+ production increases are weighing on the market. While a trade truce framework offers some support, China's reduced oil imports and OPEC+'s rising output are adding downward pressure. Investors are now awaiting the U.S.",4 hours ago,— Economic Times,https://economictimes.indiatimes.com/markets/commodities/news/oil-prices-down-markets-assess-us-china-trade-talks-outcome/articleshow/121765695.cms
Are COVID-era bills finally coming to bite us back?,"A story that dives into whether the micro-finance industry’s ₹2,440-crore loan write-off is a genuine reset or just an accounting spring clean.",4 hours ago,— Finshots,https://finshots.in/archive/are-covid-era-bills-finally-coming-to-bite-us-back/
MGL Poised for Upside as It Holds Key Moving Averages: Choice Broking,,4 hours ago,— Economic Times,https://economictimes.indiatimes.com/markets/stocks/news/mgl-poised-for-upside-as-it-holds-key-moving-averages-choice-broking/videoshow/121757433.cms
Wall Street ends higher as investors track US-China trade talks,"The S&P 500 closed higher, boosted by Tesla's surge. Investors were optimistic about U.S.-China trade discussions. Wall Street anticipated improved trade terms. Energy and consumer discretionary sectors led the gains. Investors are awaiting U.S. consumer prices data. The World Bank reduced its global growth forecast. Insmed shares rose on positive drug trial results. J.M.",4 hours ago,— Economic Times,https://economictimes.indiatimes.com/markets/stocks/news/wall-street-ends-higher-as-investors-track-us-china-trade-talks/articleshow/121765646.cms
"Dollar holds steady after US, China reach framework deal to ease export curbs",The dollar remained stable against major currencies on Wednesday. This followed an agreement between the United States and China on a trade framework. The deal aims to resolve the trade war. Investors are watching for details. They hope it will rebuild trust between President Xi and President Trump. The market also awaits U.S. inflation data and UK's public spending plans.,4 hours ago,— Economic Times,https://economictimes.indiatimes.com/markets/forex/dollar-holds-steady-after-us-china-reach-framework-deal-to-ease-export-curbs/articleshow/121765626.cms
"Gold And Silver Price Today — Check Prices In Mumbai, Kolkata, Chennai And More","The gold rate in the United States saw an uptick to trade in the green at $3,354.80 an ounce.",4 hours ago,— Bloomberg Quint,https://www.ndtvprofit.com/markets/gold-and-silver-price-today-check-prices-in-mumbai-kolkata-chennai-and-more-5
India’s State Oil Refiners Plan Tanker Order For Domestic Use,"The medium-range tankers will be in the range of 50,000 to 60,000 deadweight tons, and the tender could price the ships at $55 million to $60 million each.",4 hours ago,— Bloomberg Quint,https://www.ndtvprofit.com/business/indias-state-oil-refiners-plan-tanker-order-for-domestic-use
"Banks Should Chase Credit Growth And Not NIM Expansion, Says Capitalmind's Deepak Shenoy",Shenoy said short-term interest rates will stay lower for a while which should encourage Indian companies to turn to an attractive fundraising source: the domestic bond market.,4.5 hours ago,— Bloomberg Quint,https://www.ndtvprofit.com/economy-finance/banks-should-chase-credit-growth-and-not-nim-expansion-says-capitalminds-deepak-shenoy
Sensex Today | Stock Market LIVE Updates: GIFT Nifty signals a positive start; Asian shares trade higher,,4.5 hours ago,— Economic Times,https://economictimes.indiatimes.com/markets/stocks/live-blog/bse-sensex-today-live-nifty-stock-market-updates-11-june-2025/liveblog/121765497.cms
"Petrol, Diesel Prices Unchanged On June 11; Here's How Much You Pay For Fuel Today","In Mumbai, petrol is priced at Rs 103.50 per litre, and diesel costs Rs 90.03.",4.5 hours ago,— Bloomberg Quint,https://www.ndtvprofit.com/markets/petrol-diesel-prices-unchanged-on-june-11-heres-how-much-you-pay-for-fuel-today
Musk Sets June 22 Launch Date For Tesla’s Robotaxi Service,"Tesla executives promoted a video on Tuesday of one of its vehicles driving in Austin with nobody behind the wheel, hinting that it’s close to launching its robotaxi service in the Texas capital.",4.5 hours ago,— Bloomberg Quint,https://www.ndtvprofit.com/business/musk-sets-june-22-launch-date-for-teslas-robotaxi-service
"India-U.S. trade pact: Officials discuss market access, digital trade, customs facilitation","India and the U.S. are working towards negotiating the first tranche of a mutually beneficial, multi-sector Bilateral Trade Agreement (BTA) by fall (September-October) 2025",4.5 hours ago,— The Hindu Business,https://www.thehindu.com/business/india-us-trade-pact-officials-discuss-market-access-digital-trade-customs-facilitation/article69681333.ece
"PSU Stocks In The Limelight — Should You Buy, Sell, Or Hold?",The spolight was on Swati Hotkar from Nirmal Bang Securities and Astha Jain from SEM Securities as they shared their insights with NDTV profit on these PSU stocks.,5 hours ago,— Bloomberg Quint,https://www.ndtvprofit.com/markets/psu-stocks-in-the-limelight-should-you-buy-sell-or-hold
"Titagarh Rail Eyes Rs 8,500-Crore Revenue From Passenger Trains On Wagon-Production Boost","The company expects to sustain margin at 12% in the freight wagon business, says Managing Director Umesh Chowdhary.",5 hours ago,— Bloomberg Quint,https://www.ndtvprofit.com/business/titagarh-rail-systems-eyes-rs-8500-crore-revenue-from-passenger-trains-on-boost-in-wagon-production
IndiGrid Targets To Increase Income Payout To Rs 16 In FY26,"IndiGrid has a capital expenditure outlay of Rs 4,000 crore for ongoing projects, with the capacity to undertake an additional Rs 10,000 crore, depending on successful bids.",5 hours ago,— Bloomberg Quint,https://www.ndtvprofit.com/business/indigrid-targets-to-increase-income-payout-to-rs-16-in-fy26
Asian stocks to track US gains on trade talk hopes,"Asian stocks are poised to climb, mirroring Wall Street's upward trend, fueled by optimistic remarks from Commerce Secretary Howard Lutnick regarding US-China trade talks. Equity futures signal gains in Sydney, Tokyo, and Hong Kong, while Tesla spearheaded advances among megacap stocks. Investors are also closely watching for a key inflation report and Bitcoin's attempt to breach its record high.",5 hours ago,— Economic Times,https://economictimes.indiatimes.com/markets/stocks/news/asian-stocks-to-track-us-gains-on-trade-talk-hopes/articleshow/121765296.cms
Interarch Building Solutions Aims For 18% Growth In FY26: Managing Director,"On the potential order book outlook, Arvind Nanda explains that pre-engineered building projects typically complete within 10–12 months, preventing large order backlogs.",5 hours ago,— Bloomberg Quint,https://www.ndtvprofit.com/business/interarch-building-solutions-aims-for-18-per-cent-growth-in-fy26-managing-director
Oil Steadies As Traders Parse US-China Framework Deal On Trade,Crude has dropped this year as the Trump administration’s aggressive trade agenda clouded the outlook for global growth and hurt appetite for risk assets including industrial commodities.,5 hours ago,— Bloomberg Quint,https://www.ndtvprofit.com/markets/oil-prices-today-brent-wti-crude-latest-news-june-11-2025
GIFT Nifty up 30 points; here's the trading setup for today's session,"Domestic equities remained flat after a four-day rally, with analysts anticipating continued consolidation and a positive bias. The positive sentiment favors long trades above 24,850, potentially reaching 25,350, while India VIX fell. FIIs and DIIs were net buyers, and the rupee strengthened against the US dollar amid strong foreign capital inflows.",5 hours ago,— Economic Times,https://economictimes.indiatimes.com/markets/stocks/news/pre-market-action-heres-the-trade-setup-for-todays-session/articleshow/121765272.cms
"Asian Stocks Edge Up After US, China Trade Talks: Markets Wrap",Futures contracts for the S&P 500 and the Nasdaq 100 were flat.,5 hours ago,— Bloomberg Quint,https://www.ndtvprofit.com/markets/marketsglobal-stock-markets-asian-indices-hang-seng-nikkei-dax-ftse-nasdaq-s-and-p-dow-jones-news-today-11-june-2025
"Stocks in news: Oriental Carbon, Maruti Suzuki, IndiGo, Texmaco Rail, Wipro","Oriental Carbon saw Bank of America buying shares. Maruti Suzuki is adjusting its e VITARA production. IndiGo is launching flights to Almaty, Tashkent, and Tbilisi. IIFL Finance plans to raise funds through debentures. Texmaco Rail secured an order from Mumbai Railway Vikas Corporation. Wipro extended its partnership with Metro AG. Kaynes Technology's subsidiary made an asset purchase agreement.",5 hours ago,— Economic Times,https://economictimes.indiatimes.com/markets/stocks/news/stocks-in-news-oriental-carbon-maruti-suzuki-indigo-texmaco-rail-wipro/articleshow/121765217.cms
Scott Bessent also a contender to succeed Fed Chief Powell,"Advisers are suggesting Treasury Secretary Scott Bessent as a potential successor to Jerome Powell as Federal Reserve chair. While Kevin Warsh, a former Fed official, is also under consideration, Bessent's leadership in economic initiatives and trade negotiations positions him as a strong contender. Trump is expected to announce his decision soon.",5.5 hours ago,— Economic Times,https://economictimes.indiatimes.com/markets/stocks/news/scott-bessent-also-a-contender-to-succeed-fed-chief-powell/articleshow/121764788.cms
"Morgan Stanley upgrades Grasim to 'Overweight', raises target price to Rs 3,500","Morgan Stanley has upgraded Grasim Industries to 'Overweight,' citing the paints business's scaling and improved visibility. The brokerage anticipates a 29% upside, raising the price target to ₹3,500. Grasim is expected to become a formidable number three player in the paints sector by FY28, with Ultratech Cement remaining a key value driver.",5.5 hours ago,— Economic Times,https://economictimes.indiatimes.com/markets/stocks/news/morgan-stanley-upgrades-grasim-to-overweight-raises-target-price-to-rs-3500/articleshow/121764711.cms
SP Group offers $3.4 billion NCDs to HNI investors amid market volatility,"Wealth managers are offering Shapoorji Pallonji Group's $3.4 billion NCDs to high-net-worth individuals, requiring a minimum ₹10 crore investment in the secondary market. This move follows past volatility where smaller HNIs quickly exited positions. The current unrated tranche has less disclosure, aiming for patient capital and avoiding wide domestic HNI distribution.",6 hours ago,— Economic Times,https://economictimes.indiatimes.com/markets/stocks/news/sp-group-offers-3-4-billion-ncds-to-hni-investors-amid-market-volatility/articleshow/121764642.cms
Private sector banks slash FD rates following rate cut,"Following the Reserve Bank of India's policy rate cut, several banks including HDFC, ICICI, IDFC First, and Kotak Mahindra have decreased fixed deposit interest rates by 10-35 basis points. Public sector banks like Canara Bank and Indian Bank have also adjusted their rates downwards. These adjustments reflect lenders' responses to the lower benchmark interest rates, impacting retail depositors.",6 hours ago,— Economic Times,https://economictimes.indiatimes.com/markets/stocks/news/private-sector-banks-slash-fd-rates-following-rate-cut/articleshow/121764591.cms
Maruti Suzuki cuts near-term EV production amid rare earths crisis,"The setback could also hurt parent Suzuki Motor, for which India is the biggest market by revenue and a global production hub for EVs",9 hours ago,— The Hindu Business,https://www.thehindu.com/business/Industry/maruti-suzuki-cuts-near-term-ev-production-amid-rare-earths-crisis/article69680339.ece
India-US Trade Pact Will Provide Opportunity To Expand Economic Ties: Goyal,"We believe it's an opportunity for us to expand our bilateral trade and strengthen our partnership, he told reporters",9.5 hours ago,— Bloomberg Quint,https://www.ndtvprofit.com/business/india-us-trade-pact-will-provide-opportunity-to-expand-economic-ties-goyal
In graphics: Small finance banks want to make it big,"Bigger peers waiting in line include AU SFB and Ujjivan SFB. A universal banking licence will give SFBs greater operational fl exibility and help them tap diverse markets, while enhancing the growth potential.",10.5 hours ago,— Economic Times,https://economictimes.indiatimes.com/markets/stocks/news/in-graphics-small-finance-banks-want-to-make-it-big/articleshow/121764968.cms
Axis Max Life appoints Sumit Madan as new CEO,"Madan, with 25 years in banking and financial services, has held leadership roles at Citibank, AU Small Finance Bank, and IDFC First Bank. He joined Axis Max Life Insurance in February 2024 and has since contributed to improving the company's overall business rankings, according to an official statement.",11 hours ago,— Economic Times,https://economictimes.indiatimes.com/markets/stocks/news/axis-max-life-appoints-sumit-madan-as-new-ceo/articleshow/121764852.cms
RBI in talks with NBFCs to enable rate transmission,"NBFCs play a crucial role in financial inclusion, as they extend credit to people, communities and small businesses that are often underserved by traditional banks. The RBI's engagement signals a growing concern within the central bank over the lag in rate transmission by these institutions, even as banks have shown relatively better, albeit still partial, alignment with monetary policy moves.",11 hours ago,— Economic Times,https://economictimes.indiatimes.com/markets/stocks/news/rbi-in-talks-with-nbfcs-to-enable-rate-transmission/articleshow/121764882.cms
"Pantomath Group asset management arm launches ₹2,000-crore Bharat Bhoomi Fund",The Fund will target ready-to-launch assets that can move swiftly from investment to value creation,12 hours ago,— The Hindu Business,https://www.thehindu.com/business/markets/pantomath-group-asset-management-arm-launches-2000-crore-bharat-bhoomi-fund/article69680340.ece
Starbucks Enters The Protein Wars With Test Of New Drink Option,Starbucks is shrinking its menu by 30% while adding new products it’s betting will lure in more guests,12.5 hours ago,— Bloomberg Quint,https://www.ndtvprofit.com/business/starbucks-enters-the-protein-wars-with-test-of-new-drink-option
"ET Market Watch: Sensex Ends Flat as Banks Drag, Nifty Holds 25,100",,13 hours ago,— Economic Times,https://economictimes.indiatimes.com/markets/stocks/etmarkets-podcast/et-market-watch-sensex-ends-flat-as-banks-drag-nifty-holds-25100/podcast/121759068.cms
"Vietnam, India key markets to watch as tariffs likely disrupt tech market in Asia: S&P",,13 hours ago,— The Hindu Business,https://www.thehindu.com/business/vietnam-india-key-markets-to-watch-as-tariffs-likely-disrupt-tech-market-in-asia-sp/article69679552.ece
"Bombay HC directs MMRDA to deposit ₹1,169 crore into Mumbai Metro One account: Reliance Infra",,14 hours ago,— The Hindu Business,https://www.thehindu.com/business/bombay-hc-directs-mmrda-to-deposit-1169-crore-into-mumbai-metro-one-account-reliance-infra/article69680042.ece
"Zerodha's Nithin Kamath hails SCRA rule clarification for stock brokers, ""huge"" for Rainmatter. Here's why","Nithin Kamath praised the Finance Ministry and NSE for clarifying SCRA rules, allowing brokers to invest their own funds freely. This regulatory shift will empower Zerodha’s Rainmatter to allocate more capital directly to Indian startups without prior approvals.",14 hours ago,— Economic Times,https://economictimes.indiatimes.com/markets/stocks/news/zerodhas-nithin-kamath-hails-scra-rule-clarification-for-stock-brokers-huge-for-rainmatterin-heres-why/articleshow/121758160.cms
Kaynes Technology Purchases Power Module Production Lines From Japanese Electronics Firm,Kaynes Technology bought production lines for power modules from the company for a sum of 1.59 billion Japanese yen.,14 hours ago,— Bloomberg Quint,https://www.ndtvprofit.com/business/kaynes-technology-purchases-power-module-production-lines-from-japanese-electronics-firm
TA Associates exits AU Small Finance Bank; sells 1.26% stake for Rs 714 cr,Private equity firm TA Associates on Tuesday exited AU Small Finance Bank by selling its entire 1.26 per cent stake in the company for Rs 714 crore through an open market transaction.,14 hours ago,— Economic Times,https://economictimes.indiatimes.com/markets/stocks/news/ta-associates-exits-au-small-finance-bank-sells-1-26-stake-for-rs-714-cr/articleshow/121758103.cms
"Premier Energies Block Deal: Quant Mutual Fund, Premji Invest, SBI Life Among Top Buyers","Foreign investors include Morgan Stanley Asia, Goldman Sachs, Citigroup, Blackstone and Nomura.",14.5 hours ago,— Bloomberg Quint,https://www.ndtvprofit.com/markets/premier-energies-block-deal-quant-mutual-fund-premji-invest-sbi-life-among-top-buyers
Ahead of Market: 10 things that will decide stock market action on Wednesday,"Sensex slipped 53.49 points and Nifty remained flat on Tuesday as profit booking in financials offset optimism from U.S.-China talks and RBI support, with selective buying in IT and pharma.",14.5 hours ago,— Economic Times,https://economictimes.indiatimes.com/markets/stocks/news/ahead-of-market-10-things-that-will-decide-stock-market-action-on-tuesday/articleshow/121757748.cms
"QSR Firms' Margins Under Pressure, Food Delivery Firms Show Improvement","Amidst continued demand slowdown, QSR companies are refraining from taking any major price hike and focusing on value propositions for customers.",14.5 hours ago,— Bloomberg Quint,https://www.ndtvprofit.com/business/qsr-firms-margins-under-pressure-food-delivery-firms-show-improvement
Pearl Global to invest ₹250 crore in FY 26,,14.5 hours ago,— The Hindu Business,https://www.thehindu.com/business/pearl-global-to-invest-250-crore-in-fy-26/article69678494.ece
"UAE-Based Shaiva Group, Taranis Capital To Invest Rs 2,125 Crore In Telangana","This partnership is set to generate employment opportunities for 5,020 youth in the state.",14.5 hours ago,— Bloomberg Quint,https://www.ndtvprofit.com/business/uae-based-shaiva-group-taranis-capital-to-invest-rs-2125-crore-in-telangana
International Gemological Institute Appoints Anoop Mehta As Chairman,Mehta is currently the Chairman and Managing Director of Mohit Diamonds and President of the Bharat Diamond Bourse,14.5 hours ago,— Bloomberg Quint,https://www.ndtvprofit.com/business/biz-igi-appt
Non-life insurance industry register 6.5% y-o-y rise in gross direct premiums,"The non-life insurance sector experienced a 6.5% increase in gross direct premiums in May, reaching Rs22,257 crore, although growth slowed compared to the previous year. Standalone health insurers outperformed general insurers, while the implementation of the 1/n rule impacted premium reporting. New India Assurance saw significant gains, contrasting with declines in some other major players.",14.5 hours ago,— Economic Times,https://economictimes.indiatimes.com/markets/stocks/news/non-life-insurance-industry-register-6-5-y-o-y-rise-in-gross-direct-premiums/articleshow/121764919.cms
The Difficult Confrontation Even Fearless Promoters Avoid,"Successful founders often delay succession out of fear and emotional conflict, risking both their legacy and business stability.",15 hours ago,— Bloomberg Quint,https://www.ndtvprofit.com/business/the-difficult-confrontation-even-fearless-promoters-avoid
"Market Trading Guide: OFSS, Equitas SFB among 3 stocks to buy on Wednesday. Likely upside up to 9%","Despite a flat close on Tuesday, Nifty sustained above its previous consolidation zone, suggesting bullish momentum. Analysts see potential for further gains if 25,350 is crossed, while 24,850 remains key support.",15 hours ago,— Economic Times,https://economictimes.indiatimes.com/markets/stocks/news/market-trading-guide-ofss-equitas-sfb-among-3-stocks-to-buy-on-wednesday-likely-upside-up-to-9/slideshow/121757226.cms
NDTV Profit Pulse On June 10 — Top 8 Stories At 8 P.M. Under 8 Minutes,Here's what dominated the news this Tuesday.,15.5 hours ago,— Bloomberg Quint,https://www.ndtvprofit.com/markets/ndtv-profit-pulse-on-june-10-top-8-stories-at-8-pm-under-8-minutes
"FSDC looks into enhancing cybersecurity, easing KYC norms","FSDC discusses enhancing cyber resilience in the Indian financial sector, easing compliance burden, and implementing past decisions",15.5 hours ago,— The Hindu Business,https://www.thehindu.com/business/fsdc-looks-into-enhancing-cybersecurity-easing-kyc-norms/article69679185.ece
Targeted policy interventions must to push green fuel vehicles in mining: study,"‘Targeted incentives such as capital subsidies, premium rebates linked to fleet size, and upfront payment relaxations are critical to de-risk adoption’",15.5 hours ago,— The Hindu Business,https://www.thehindu.com/business/targeted-policy-interventions-must-to-push-green-fuel-vehicles-in-mining-study/article69679337.ece
CreditAccess Grameen secures $100 million syndicated loan from South Asian and Far East banks,"CreditAccess Grameen secured a $100 million dual-currency syndicated loan led by Standard Chartered, upgraded from $70 million, involving seven South Asian and Far Eastern banks to fund social projects.",16 hours ago,— Economic Times,https://economictimes.indiatimes.com/markets/stocks/news/creditaccess-grameen-secures-100-million-syndicated-loan-from-south-asian-and-far-east-banks/articleshow/121756516.cms
Sugar Prices Extend Gains As Recent Price Dip Draws In Buyers,"The most-active contract rose as much as 0.9% to 16.82 cents per pound, the highest level since June 4.",16 hours ago,— Bloomberg Quint,https://www.ndtvprofit.com/markets/sugar-prices-extend-gains-as-recent-price-dip-draws-in-buyers
"Sustained capacity addition, PPA tie ups improve revenue visibility for Acme Solar","Acme Solar stock: Acme Solar gained 18% in a month after reporting strong Q4 results, improved power generation, and a 55% rise in output. The firm expanded capacity to 2,806 MW and raised fresh equity via IPO, with analysts forecasting strong growth till FY28.",16 hours ago,— Economic Times,https://economictimes.indiatimes.com/markets/stocks/news/sustained-capacity-addition-ppa-tie-ups-improve-revenue-visibility-for-acme-solar/articleshow/121756413.cms
"Blackstone Plans $500 Billion Europe Investment, CEO Steve Schwarzman Says","Outside Europe, Blackstone is also looking to the Middle East as an investment destination",16 hours ago,— Bloomberg Quint,https://www.ndtvprofit.com/global-economics/blackstone-plans-500-billion-europe-investment-ceo-steve-schwarzman-says
US stocks muted at open as US-China trade talks in focus,Wall Street's main indexes opened subdued on Tuesday as investors awaited the outcome of ongoing trade talks between the United States and China aimed at cooling a tariff dispute that has bruised global markets this year.,16.5 hours ago,— Economic Times,https://economictimes.indiatimes.com/markets/stocks/news/us-stocks-muted-at-open-as-us-china-trade-talks-in-focus/articleshow/121755979.cms
"SEBI issues ₹5.35-crore demand notice to OPG Securities, others in NSE co-location case","SEBI issues ₹5.35 crore recovery notices to OPG Securities and directors for unfair trade practices, warning of asset attachment",16.5 hours ago,— The Hindu Business,https://www.thehindu.com/business/Industry/sebi-issues-demand-notice-to-opg-securities-others-in-nse-co-location-case/article69679232.ece
"Two Sharp with ET: Food safety shock hits Blinkit, Zepto; rare-earth crisis rattles auto sector",,16.5 hours ago,— Economic Times,https://economictimes.indiatimes.com/markets/stocks/news/two-sharp-with-et-food-safety-shock-hits-blinkit-zepto-rare-earth-crisis-rattles-auto-sector/videoshow/121755864.cms
"AI With Humans Is The Actual Force, Says Arundhati Bhattacharya","This technological leap is not about replacing humans, Bhattacharya puts into perspective, saying that the integration is key.",16.5 hours ago,— Bloomberg Quint,https://www.ndtvprofit.com/business/ai-with-humans-is-the-actual-force-says-arundhati-bhattacharya
"Rapido's Food-Delivery Entry Can Dent Market Share Of Zomato, Swiggy: Elara Capital's Karan Taurani","The analyst sees limited near-term impact, but a 10–12% market-share gain by Rapido can hit revenue and valuation of Swiggy and Zomato.",16.5 hours ago,— Bloomberg Quint,https://www.ndtvprofit.com/business/rapidos-food-delivery-entry-can-dent-market-share-of-zomato-swiggy-elara-capitals-karan-taurani
Axis Max Life Insurance Appoints Sumit Madan As MD And CEO,"On May 28, the board of Axis Max Life approved the retirement of Prashant Tripathy as the MD and CEO of the insurance firm.",17 hours ago,— Bloomberg Quint,https://www.ndtvprofit.com/business/axis-max-life-insurance-appoints-sumit-madan-as-md-and-ceo
CCI Approves Blackstone's Acquisition Of Pune Realtor Kolte-Patil Developers,"The acquisition does not raise any competition concerns in any relevant markets, says the Competition Commission of India.",17 hours ago,— Bloomberg Quint,https://www.ndtvprofit.com/business/cci-approves-blackstone-acquisition-of-pune-realtor-kolte-patil-developers
Reliance Infra Partners With German Defence Firm To Supply Guided Munitions To Indian Armed Forces,The companies also set into motion the 'System Vulcano 155 mm under Make in India-II' initiative.,17 hours ago,— Bloomberg Quint,https://www.ndtvprofit.com/business/reliance-infra-partners-with-german-defence-firm-to-supply-guided-munitions-to-indian-armed-forces
"Inflow into equity MFs hits 13-month low at ₹19,000 crore in May","Equity mutual funds experience lowest inflow in 13 months, with SIP contributions remaining robust in May",17.5 hours ago,— The Hindu Business,https://www.thehindu.com/business/markets/inflow-into-equity-mfs-hits-13-month-low-in-may/article69678913.ece
"Mumbai Becomes New Hub As IndiGo Reinstates Flights To Almaty, Tashkent","Starting July 1, IndiGo will commence operations from Mumbai to Kazakhstan’s largest city Almaty, followed by flights to Tashkent, the capital of Uzbekistan, from August 1.",17.5 hours ago,— Bloomberg Quint,https://www.ndtvprofit.com/business/mumbai-becomes-new-hub-as-indigo-reinstates-flights-to-almaty-tashkent
These 9 stocks hit 52-week highs and rally up to 25% in a month,"While the Sensex dipped 53 points to 82,391 on Tuesday, nine BSE 200 stocks hit their 52-week highs. These gains signal bullish momentum, with stocks like Bharat Electronics, Max Financial, and SBI Cards posting sharp monthly advances, boosting investor sentiment.",17.5 hours ago,— Economic Times,https://economictimes.indiatimes.com/markets/stocks/news/these-9-stocks-hit-52-week-highs-and-rally-up-to-25-in-a-month/slideshow/121754419.cms
"India-EFTA Trade Pact To Bring Stability And Predictability In Partnership, Says Piyush Goyal","He said while India provides huge market and skilled professionals, while Switzerland has advanced manufacturing capabilities.",17.5 hours ago,— Bloomberg Quint,https://www.ndtvprofit.com/economy-finance/india-efta-trade-pact-to-bring-stability-and-predictability-in-partnership-says-piyush-goyal
DFCC Bank’s green bond debut first foreign corporate issuer at GIFT IFSC,"DFCC Bank PLC became the first foreign corporation to list green bonds on NSE IX at GIFT IFSC, raising LKR 2.5 billion for solar energy projects. This supports Sri Lanka’s renewable goals and strengthens regional sustainable finance partnerships between India and Sri Lanka under IFSCA’s green finance vision.",17.5 hours ago,— Economic Times,https://economictimes.indiatimes.com/markets/stocks/news/dfcc-banks-green-bond-debut-first-foreign-corporate-issuer-at-gift-ifsc/articleshow/121754312.cms
Wow! Momo Secures Rs 85-Crore Investment From Stride Ventures For Expansion,"The Kolkata-based Wow! Momo currently operates over 700 self-owned stores across 70 cities, showcasing one of the highest same-store sales growth strategies, comparable to international industry standards.",18 hours ago,— Bloomberg Quint,https://www.ndtvprofit.com/markets/wow-momo-secures-rs-85-crore-investment-from-stride-ventures-for-expansion
"Gold slips Rs 110 to Rs 97,670/10 g; silver plunges Rs 1,000 to Rs 1.07 lakh/kg","Gold prices slipped Rs 110 to Rs 97,670 per 10 grams in the national capital on Tuesday due to persistent selling by jewellers and stockists, according to the All India Sarafa Association.",18 hours ago,— Economic Times,https://economictimes.indiatimes.com/markets/commodities/gold-slips-rs-110-to-rs-97670/10-g-silver-plunges-rs-1000-to-rs-1-07-lakh/kg/articleshow/121753990.cms
"IFL Enterprises To Raise Rs 49.14 Crore Through Rights Issue, Opens June 19","The capital will be used to enhance operational efficiency and expand service capabilities, it added.",18 hours ago,— Bloomberg Quint,https://www.ndtvprofit.com/markets/ifl-enterprises-to-raise-rs-4914-crore-through-rights-issue-opens-june-19
"Gainers & Losers: Realty stocks, Adani Power among 9 stocks in limelight today","Sensex closed slightly lower while Nifty remained flat. Power stocks surged, led by RattanIndia and Reliance Power. Jindal Saw gained on expansion news. Realty stocks declined despite broader market stability.",18 hours ago,— Economic Times,https://economictimes.indiatimes.com/markets/web-stories/gainers-amp-losers-realty-stocks-adani-power-among-9-stocks-in-limelight-today/slideshow/121753704.cms
"RBI slashes interest rates, but who will borrow?","By unlocking bank funds, the RBI is betting that cheaper credit will revive urban demand, stimulate SME investment, and complement the rural boost — helping broaden the economic recovery.",18.5 hours ago,— The Hindu Business,https://www.thehindu.com/business/Economy/rbi-slashes-interest-rates-but-who-will-borrow/article69678535.ece
India’s rising household debts are not worrisome: SBI report,"As of now, India’s household debt is at a relatively low level, 42%, compared to 49.1% for other emerging market economies (EMEs)",18.5 hours ago,— The Hindu Business,https://www.thehindu.com/business/Economy/indias-rising-household-debts-are-not-worrisome-sbi-report/article69678649.ece
IPO-Bound Oswal Pumps Targets Capacity Infusion By FY28,The company will offer a fresh issue of shares aggregating up to Rs 890 crore for the initial public offering.,18.5 hours ago,— Bloomberg Quint,https://www.ndtvprofit.com/ipos/ipo-bound-oswal-pumps-targets-capacity-infusion-by-fy28
"Sensex snaps 4-day rally, Nifty ends unchanged in volatile trade","Sensex closes lower after 4-day rally, Nifty gains slightly; investors cautious amid global cues and trade talks",18.5 hours ago,— The Hindu Business,https://www.thehindu.com/business/markets/sensex-snaps-4-day-rally-nifty-ends-unchanged-in-volatile-trade/article69678592.ece
"Nifty Top Gainers, Losers On June 10: Grasim, Tech Mahindra To Trent, Asian Paints","The NSE Nifty 50 ended 1.05 points higher at 25,104.25, while the BSE Sensex closed 53.49 points or 0.06% lower at 82,39.72.",19 hours ago,— Bloomberg Quint,https://www.ndtvprofit.com/markets/nifty-top-gainers-losers-on-june-10-grasim-tech-mahindra-to-trent-asian-paints
"Congress slams Modi Govt after World Bank said extreme poverty in India declined, says inconvenient data brushed aside",The Opposition party's assertion came after the World Bank said India's extreme poverty rate declined sharply to 5.3% over a decade from 27.1% in 2011-12,19 hours ago,— The Hindu Business,https://www.thehindu.com/news/national/congress-slams-modi-government-after-world-bank-said-extreme-poverty-in-india-declined-says-inconvenient-data-brushed-aside/article69678335.ece
"World Bank Group’s centre in Chennai stands for operational excellence and innovation, says MD Wencai Zhang",Mr. Zhang was in Chennai for the reopening of the World Bank’s modernised Global Business Centre in Taramani,19 hours ago,— The Hindu Business,https://www.thehindu.com/news/national/tamil-nadu/world-bank-groups-centre-in-chennai-stands-for-operational-excellence-and-innovation-says-md-wencai-zhang/article69678198.ece
India’s Corporate Bond Funds Lure Most Inflows In Over Two Years,Company bonds have emerged as one of the favored trades due to their attractive yields over government debt and shorter tenors.,19 hours ago,— Bloomberg Quint,https://www.ndtvprofit.com/markets/indias-corporate-bond-funds-lure-most-inflows-in-over-two-years
"India's Raymond Realty to list in early July, top executive says","India's Raymond Realty, recently carved out from the namesake conglomerate, is on track to list in early July as the group looks to streamline its corporate structure, a top executive told Reuters on Tuesday.",19 hours ago,— Economic Times,https://economictimes.indiatimes.com/markets/ipos/fpos/indias-raymond-realty-to-list-in-early-july-top-executive-says/articleshow/121752414.cms
Stock market update: Nifty Realty index  falls  1.14%,The Nifty Realty index closed 1.14 per cent  down  at 1026.3.,19.5 hours ago,— Economic Times,https://economictimes.indiatimes.com/markets/stocks/stock-watch/stock-market-update-nifty-realty-index-falls-1-14/articleshow/121752160.cms
"Stock Market Highlights: Nifty Ends Flat, Sensex Snaps Four-Session Gaining Streak","HDFC Bank, ICICI Bank and Reliance Industries dragged the Nifty the most.",19.5 hours ago,— Bloomberg Quint,https://www.ndtvprofit.com/markets/stock-market-highlights-nifty-ends-flat-sensex-snaps-four-session-gaining-streak
In This Economy: 10 Minutes Or Bust — The Dark Side Of Fast Groceries,Where exactly is all this stuff coming from so fast?,19.5 hours ago,— Bloomberg Quint,https://www.ndtvprofit.com/opinion/in-this-economy-10-minutes-or-bust-the-dark-side-of-fast-groceries
Nifty to climb new high by Sept-Oct; bullish on 3 stocks now: Dharmesh Shah,"Market sentiment is upbeat following the RBI's rate cut. Dharmesh Shah of ICICI Direct anticipates Nifty reaching 25,500 soon. He expects it to challenge lifetime highs by September-October. Banking, capital goods, autos, PSUs, and metals are favored sectors. Adani Ports, ABB, and Bank of Maharashtra are top stock picks. Bank Nifty is expected to reach 61,000 in 2025.",19.5 hours ago,— Economic Times,https://economictimes.indiatimes.com/markets/expert-view/nifty-to-climb-new-high-by-sept-oct-bullish-on-3-stocks-now-dharmesh-shah/articleshow/121751703.cms
"Subdued Asian FX, 'matching' flows anchor rupee in quiet trading day","The Indian rupee remained stable on Tuesday, mirroring the quiet movement of Asian currencies, closing at 85.6025 against the U.S. dollar. Investors are cautiously awaiting the outcome of U.S.-China trade talks, influencing market sentiment. While some Asian currencies have gained from the dollar's weakness, India's external investment deficit poses a challenge for the rupee.",19.5 hours ago,— Economic Times,https://economictimes.indiatimes.com/markets/forex/subdued-asian-fx-matching-flows-anchor-rupee-in-quiet-trading-day/articleshow/121751835.cms
Rupee Closes Flat For Second Consecutive Session,Rupee to face resistance at 85.80 and 86.10 levels and key support lies at 85.30 and 84.80.,19.5 hours ago,— Bloomberg Quint,https://www.ndtvprofit.com/markets/rupee-closes-flat-for-second-consecutive-session
AU Small Finance Bank eyeing an upgrade. What should investors do?,"AU Small Finance Bank received a ‘Hold’ rating with Rs 794 target from Asit Mehta, citing strong growth, secured loan base, and potential universal bank license as key catalysts for future expansion and margin protection.",19.5 hours ago,— Economic Times,https://economictimes.indiatimes.com/markets/stocks/news/au-small-finance-bank-eyeing-an-upgrade-what-should-investors-do/articleshow/121751685.cms
United Spirits Denies Reports On Potential Stake Sale Of RCB,The clarification comes after NDTV Profit reported British distiller and United Spirits' parent Diageo Plc is evaluating options to sell a partial or full stake in RCB.,20 hours ago,— Bloomberg Quint,https://www.ndtvprofit.com/business/united-spirits-denies-reports-on-potential-stake-sale-of-rcb
"Vedanta Resources Eyes Investment Grade Rating, Plans To Cut Debt To $3 Billion By FY27","VRL is committed to reducing its total debt from the current $5 billion to $3 billion by FY27 while strengthening its critical minerals, transition metals, energy and technology portfolio.",20 hours ago,— Bloomberg Quint,https://www.ndtvprofit.com/business/vedanta-resources-eyes-investment-grade-rating-plans-to-cut-debt-to-3-billion-by-fy27
Adani Power shares soar 12% in 5-day rally. Is it time to book profits?,"Adani Power shares rallied 12% in five sessions, defying market weakness despite mixed Q4 results. Gains were driven by new orders, expansion plans, and positive technical indicators, including support above key moving averages and bullish MACD signals.",20 hours ago,— Economic Times,https://economictimes.indiatimes.com/markets/stocks/news/adani-power-shares-soar-12-in-5-day-rally-is-it-time-to-book-profits/articleshow/121751042.cms
"Tata Power shares rise over 2% amid strong volumes, extend unbeaten lead to 6% in five sessions","The rally in Tata Power stocks came amid robust volumes and positive sentiment following operational milestones, including a 4 GW production mark by its solar unit and record rooftop solar installations.",20 hours ago,— Economic Times,https://economictimes.indiatimes.com/markets/stocks/news/tata-power-shares-rise-over-2-amid-strong-volumes-extend-unbeaten-lead-to-6-in-five-sessions/articleshow/121750776.cms
RCB Stake Buyer Might Not Be From Alcobev Industry: Elara's Karan Taurani,"RCB, which recently won the IPL title for the first time in its 18-year run, is likely to be valued better.",20.5 hours ago,— Bloomberg Quint,https://www.ndtvprofit.com/business/rcb-stake-buyer-might-not-be-from-alcobev-industry-elaras-karan-taurani
RattanIndia Power shares jump 18% amid significant volumes. BSE seeks clarification for sudden spike,"The rally in RattanIndia Power stock comes despite the absence of any known trigger, prompting the BSE to seek a formal clarification from the company. The stock has been gaining for four straight sessions, with a cumulative 26% rise even as its long-term performance remains muted.",20.5 hours ago,— Economic Times,https://economictimes.indiatimes.com/markets/stocks/news/rattanindia-power-shares-jump-18-amid-significant-volumes-bse-seeks-clarification-for-sudden-spike/articleshow/121750233.cms
"OpenAI's ChatGPT Suffers Global Outage, Thousands Report Disruptions",Thousands of users report issues while using ChatGPT worldwide.,20.5 hours ago,— Bloomberg Quint,https://www.ndtvprofit.com/technology/chatgpt-down-global-outage-openai-issues-status-page-june-10-2025
WazirX crypto exchange’s restructuring proposal struck down by Singapore High Court,WazirX saw its proposed restructuring plan shot down by the Singapore High Court,21 hours ago,— The Hindu Business,https://www.thehindu.com/sci-tech/technology/wazirx-crypto-exchanges-restructuring-proposal-struck-down-by-singapore-high-court/article69678170.ece
How 50 Bajaj Finance shares will turn into 500 by June 27. Explained,Bajaj Finance has announced a stock split and bonus issue. The stock split ratio is 1:2. The bonus issue ratio stands at 4:1. June 16 is the record date for both corporate actions. Shareholders with shares by June 13 are eligible. The allotment is expected on or before June 27.,21 hours ago,— Economic Times,https://economictimes.indiatimes.com/markets/stocks/news/how-50-bajaj-finance-shares-will-turn-into-500-by-june-27-explained/articleshow/121749578.cms
"Sacheerome IPO booked 17 times on Day 2 so far, GMP points to 29% listing pop","The Rs 61.62 crore Sacheerome IPO consists entirely of a fresh issue of 60.41 lakh shares. Retail investors must apply for a minimum of 1,200 shares, translating to an investment of at least Rs 1,22,400. The issue opened for subscription on June 9 and will close on June 11.",21 hours ago,— Economic Times,https://economictimes.indiatimes.com/markets/ipos/fpos/sacheerome-ipo-booked-17-times-on-day-2-so-far-gmp-points-to-29-listing-pop/articleshow/121749549.cms
Stocks to Buy | Liquidity Drives Churn: Deven Choksey on sectoral rotation,,21.5 hours ago,— Economic Times,https://economictimes.indiatimes.com/markets/stocks/news/stocks-to-buy-liquidity-drives-churn-deven-choksey-on-sectoral-rotation/slideshow/121749341.cms
"The Wealth Company aims to raise Rs 2,000 cr fund for realty, infra investments","The Wealth Company Asset Management, part of Pantomath Group, aims to raise over Rs 2,000 crore via its Bharat Bhoomi Fund, a Category II AIF targeting execution-ready real estate projects. The fund will invest across data centers, renewables, residential and retail segments, with a strong focus on India's infrastructure-led growth corridors.",21.5 hours ago,— Economic Times,https://economictimes.indiatimes.com/markets/stocks/news/the-wealth-company-aims-to-raise-rs-2000-cr-fund-for-realty-infra-investments/articleshow/121749022.cms
Deven Choksey on 3 insurance stocks to invest in now,"Deven Choksey, MD of DRChoksey FinServ, says private sector insurance companies are relatively more favourable from a growth perspective. Valuation-wise, some of them have already started scaling up. There is good potential in the likes of SBI and HDFC Life and also Bajaj Life Insurance business. He likes those businesses from an investment perspective.",21.5 hours ago,— Economic Times,https://economictimes.indiatimes.com/markets/expert-view/deven-choksey-on-3-insurance-stocks-to-invest-in-now/articleshow/121748479.cms
"Rural recovery to power financials, NBFCs poised for revival: Punita Kumar Sinha","Punita Kumar Sinha suggests focusing on quality, defensives, and FMCG, anticipating a boost from a better monsoon. She recommends a domestic-focused portfolio including financials, particularly NBFCs benefiting from a recovering rural economy. While IT valuations are reasonable, a catalyst for increased spending remains uncertain due to ongoing trade and immigration concerns.",21.5 hours ago,— Economic Times,https://economictimes.indiatimes.com/markets/expert-view/rural-recovery-to-power-financials-nbfcs-poised-for-revival-punita-kumar-sinha/articleshow/121748855.cms
4 reasons why Morgan Stanley made Grasim its top pick for 2025,"Grasim Industries shares: Grasim’s foray into the decorative paints segment has outperformed expectations, according to Morgan Stanley. The company has swiftly expanded its manufacturing capacity and distribution network, and now provides a comprehensive product range across the country.",21.5 hours ago,— Economic Times,https://economictimes.indiatimes.com/markets/stocks/news/4-reasons-why-morgan-stanley-made-grasim-its-top-pick-for-2025/articleshow/121748866.cms
DIIs on a buying spree: 2025 sees 2nd-highest equity inflows in a decade,Domestic Institutional Investors are showing strong confidence in Indian stocks. They invested nearly Rs 2.94 lakh crore by early June 2025.,21.5 hours ago,— Economic Times,https://economictimes.indiatimes.com/markets/web-stories/diis-on-a-buying-spree-2025-sees-2nd-highest-equity-inflows-in-a-decade/slideshow/121748728.cms
Markets in wait-and-watch mode amid global crosswinds: Punita Kumar Sinha,"Markets are stable due to the RBI cut and benign macro conditions. Global events like US-China trade talks and internal US economic softening are key factors. India faces mixed economic data, with positives like rate cuts and good monsoons balanced by concerns about valuations and geopolitics. Market momentum exists, but choppiness is expected. Valuations are neutral to high.",22 hours ago,— Economic Times,https://economictimes.indiatimes.com/markets/expert-view/markets-in-wait-and-watch-mode-amid-global-crosswinds-punita-kumar-sinha/articleshow/121748156.cms
Housefull 5 Box Office Collection: Akshay Kumar's Comic Thriller Enters Rs 100 Crore Club In Four Days,"Featuring big names like Akshay Kumar, Sanjay Dutt, Riteish Deshmukh and Jacqueline Fernandez among others, Housefull 5 was released in theatres on June 6.",22 hours ago,— Bloomberg Quint,https://www.ndtvprofit.com/trending/housefull-5-box-office-collection-akshay-kumars-comic-thriller-enters-rs-100-crore-club-in-four-days
"MMTC, Sobha, FirstCry among six stocks in action. Here's what to do with them",,22 hours ago,— Economic Times,https://economictimes.indiatimes.com/markets/stocks/news/mmtc-sobha-firstcry-among-six-stocks-in-action-heres-what-to-do-with-them/slideshow/121748288.cms
"Angel One, RBL Bank among 5 stocks with short buildup",A short buildup suggests that traders are anticipating further price declines and are establishing short positions.,22 hours ago,— Economic Times,https://economictimes.indiatimes.com/markets/stocks/news/angel-one-rbl-bank-among-5-stocks-with-short-buildup/slideshow/121748056.cms
European shares stable as markets eye Sino-US trade talks,"European stocks were steady on Tuesday, shrugging off modest losses from the previous session, as investors stayed on edge awaiting fresh signals from the second day of tense U.S.-China trade negotiations.",22.5 hours ago,— Economic Times,https://economictimes.indiatimes.com/markets/stocks/news/european-shares-stable-as-markets-eye-sino-us-trade-talks/articleshow/121747883.cms
Japan's Nikkei rises for third session as government backs debt market,"Japan's Nikkei share average extended its rally to a third session on Tuesday, lifted by news that the government is exploring a potential buyback of long-dated bonds to stabilise the market and contain rising yields.",22.5 hours ago,— Economic Times,https://economictimes.indiatimes.com/markets/stocks/news/japans-nikkei-rises-for-third-session-as-government-backs-debt-market/articleshow/121747842.cms
Retail investor favourites 12 stocks rally over 50% in just over two months,"12 retail investor favourites rally over 50% in just two months of FY26, led by Premier Explosives, Data Patterns, and Ideaforge.",22.5 hours ago,— Economic Times,https://economictimes.indiatimes.com/markets/stocks/news/retail-investor-favourites-12-stocks-rally-over-50-in-just-over-two-months/slideshow/121747931.cms
Paras Defence Announces Record Date For First Ever Stock Split,"The shares of Paras Defence rose as much as 1.83% to Rs 1,637 apiece.",22.5 hours ago,— Bloomberg Quint,https://www.ndtvprofit.com/markets/paras-defence-announces-record-date-for-first-ever-stock-split
Kent RO Systems among four firms to win Sebi nod for IPOs,"IPO approvals have been granted to four companies: Kent RO Systems, Vidya Wires, Karamtara Engineering, and Mangal Electrical Industries. Their planned public offerings, comprising a combination of fresh issues and offers for sale, represent a diverse range of sectors—including water purifiers, kitchen appliances, transformers, and specialty wires.",22.5 hours ago,— Economic Times,https://economictimes.indiatimes.com/markets/ipos/fpos/kent-ro-systems-among-four-firms-to-win-sebi-nod-for-ipos/articleshow/121747587.cms
"Crypto prices today: Bitcoin tops $110,500; Ethereum, Altcoins rally up to 11% ahead of US inflation data","Bitcoin surged past $110,000 amidst anticipation for US inflation data and US-China trade discussions. Ethereum and several altcoins, including Solana and Cardano, also experienced significant gains. Market sentiment was boosted by easing geopolitical tensions and substantial institutional investment, potentially paving the way for new all-time highs for Bitcoin.",22.5 hours ago,— Economic Times,https://economictimes.indiatimes.com/markets/cryptocurrency/crypto-news/crypto-prices-today-bitcoin-tops-110500-ethereum-altcoins-rally-up-to-11-ahead-of-us-inflation-data/articleshow/121747507.cms
"Can JioMart, Rapido change the game for Eternal, Swiggy? Deven Choksey answers","According to Deven Choksey, most of the platform companies from investment perspective are quoting at a fancy valuations given that they have been succeeding with the price hike and the charges. But these fancy valuations might get affected if competition like JioMart could start penetrating faster and could possibly create disruption with them.",22.5 hours ago,— Economic Times,https://economictimes.indiatimes.com/markets/expert-view/can-jiomart-rapido-change-the-game-for-eternal-swiggy-deven-choksey-answers/articleshow/121747176.cms
"Adani Green Energy, LTIMindtree among 5 stocks with long buildup",Five stocks saw long buildups on June 10 as rising open interest and prices signaled bullish sentiment in F&O trade.,22.5 hours ago,— Economic Times,https://economictimes.indiatimes.com/markets/stocks/news/adani-green-energy-ltimindtree-among-5-stocks-with-long-buildup/slideshow/121747504.cms
Swaminathan Aiyar decodes trade tensions and tariff tactics,"Swaminathan Aiyar warns that US-China trade talks remain uncertain, with tariffs likely to persist. India must strengthen rare earth capacity and stay assertive amid global supply shifts and Trump’s unpredictable policies.",23 hours ago,— Economic Times,https://economictimes.indiatimes.com/markets/stocks/news/swaminathan-aiyar-decodes-trade-tensions-and-tariff-tactics/slideshow/121747161.cms
Ultratech Cement Is Morgan Stanley's Top Pick Among Cement Players — Here's Why,"According to the report, Ultratech Cement's capacity has expanded from 20% to 28% over Fiscal 2022- Fiscal 2025.",23 hours ago,— Bloomberg Quint,https://www.ndtvprofit.com/markets/ultratech-cement-is-morgan-stanleys-top-pick-among-cement-players-heres-why
"Hindustan Zinc shares soar 17% in 4 days, tracking silver’s surge to record highs","Hindustan Zinc shares surged 16.8% in four sessions, driven by a sharp rally in silver prices, which hit all-time highs on MCX. As the world’s third-largest silver producer, the company benefits from rising demand amid geopolitical tensions and dollar weakness.",23 hours ago,— Economic Times,https://economictimes.indiatimes.com/markets/stocks/news/hindustan-zinc-shares-soar-17-in-4-days-tracking-silvers-surge-to-record-highs/articleshow/121746489.cms
No declining trend in FDI into India: Piyush Goyal,"‘India is seeing renewed overseas inflows and the government is open to suggestions and will adopt new measures to promote FDI in the country,’ said Commerce and Industry Minister Piyush Goyal in Switzerland’s capital city, where he is on an official tour.",23 hours ago,— The Hindu Business,https://www.thehindu.com/business/Economy/no-declining-trend-in-fdi-into-india-piyush-goyal/article69677768.ece
Jindal Saw shares soar 11% after unveiling $118 million capex plans in middle-east,"Jindal Saw shares: On Monday, June 9, Jindal Saw announced that its board had approved three overseas investments totaling up to $118 million, as part of its strategy to expand its presence in the iron and steel industry across the region.",23.5 hours ago,— Economic Times,https://economictimes.indiatimes.com/markets/stocks/news/jindal-saw-shares-soar-11-after-unveiling-118-million-capex-plans-in-middle-east/articleshow/121746417.cms
Federal Bank Bets Big On MSME Growth To Offset Margin Pressure,The private sector bank plans to grow its MSME loan book by 18-19% year-on-year in the current financial year,23.5 hours ago,— Bloomberg Quint,https://www.ndtvprofit.com/business/federal-bank-bets-big-on-msme-growth-to-offset-margin-pressure
Asian Paints Gets Lowest Price Target From Morgan Stanley As De-Rating Risks Linger,"CLSA and Elara Capital also hold similar views, with targets of Rs 1,966 and Rs 1,940, respectively—all projecting the Asian Paints stocks to fall below Rs 2,000.",23.5 hours ago,— Bloomberg Quint,https://www.ndtvprofit.com/markets/asian-paints-gets-lowest-price-target-from-morgan-stanley-as-de-rating-risks-linger
IPO Bound: Hema Malini-Promoted Kent RO And Three Others Get SEBI Nod,"Others that have got IPO approvals are Vidya Wires, Karamtara Engineering and Mangal Electrical.",23.5 hours ago,— Bloomberg Quint,https://www.ndtvprofit.com/ipos/ipo-approval-for-hema-malini-promoted-kent-ro-vidya-wires-karamtara-engineering-mangal-electrical-by-sebi
"Which Stocks to Buy Today? Kunal Rambhia Recommends Dam Capital, Indian Overseas Bank, Rashtriya Chemicals",Below are specific stop-loss and target prices for each stock.,23.5 hours ago,— Bloomberg Quint,https://www.ndtvprofit.com/markets/which-stocks-to-buy-today-kunal-rambhia-recommends-dam-capital-indian-overseas-bank-rashtriya-chemicals
"TCS, Infosys, Persistent Systems Rise As Nifty IT Index Gains For Fifth Straight Session",The Nifty IT was the top performer compared to other sectoral indices on the National Stock Exchange in Tuesday's trade.,1 day ago,— Bloomberg Quint,https://www.ndtvprofit.com/markets/tcs-infosys-persistent-systems-rise-as-nifty-it-index-gains-for-fifth-straight-session
Rapido crashes food delivery party. Should Swiggy and Eternal investors be worried?,"Rapido has entered the food delivery space with an aggressive low-commission model, undercutting Swiggy and Zomato and shaking investor sentiment. Shares of Swiggy’s parent, Eternal, fell as much as 4% over two sessions. While Rapido lacks a dedicated fleet, analysts say its growing rider base and disruptive pricing could pressure incumbents' profitability and challenge their dominance.",1 day ago,— Economic Times,https://economictimes.indiatimes.com/markets/stocks/news/rapido-crashes-food-delivery-party-should-swiggy-and-eternal-investors-be-worried/articleshow/121745407.cms
Defence Sector Under PM Narendra Modi: 'Import-Dependent To 12X Surge In Exports',"India’s defence sector has undergone a decade-long transformation marked by record-breaking exports, indigenous manufacturing and stronger national security.",1 day ago,— Bloomberg Quint,https://www.ndtvprofit.com/nation/defence-sector-under-pm-narendra-modi-from-import-dependent-to-12x-surge-in-exports-in-11-years
Suzlon Share Price: Rs 1 Lakh Investment Turns Into Rs 20 Lakh In This Multibagger As Stock Zooms 2000%,Suzlon's optimism extends beyond its own performance to the broader wind energy sector in India.,1 day ago,— Bloomberg Quint,https://www.ndtvprofit.com/markets/buy-sell-or-hold-suzlon-share-price-rs-1-lakh-investment-turns-into-rs-20-lakh-in-this-multibagger-small-cap-stock-as-stock-zooms-2000-percent
Debt Management: Japan’s new bond strategy amid BOJ taper,,1 day ago,— Economic Times,https://economictimes.indiatimes.com/markets/stocks/news/debt-management-japans-new-bond-strategy-amid-boj-taper/slideshow/121745229.cms
"Coforge shares soars 6% after JP Morgan sees more upside, bets on growth and margin expansion","Coforge shares: The brokerage expressed continued confidence in Coforge’s strong growth potential and margin improvement. It also highlighted the company’s optimistic management outlook, noting the absence of macroeconomic challenges that have affected other firms in the sector.",1 day ago,— Economic Times,https://economictimes.indiatimes.com/markets/stocks/news/coforge-shares-soars-6-after-jp-morgan-sees-more-upside-bets-on-growth-and-margin-expansion/articleshow/121744971.cms
